<?xml version="1.0" encoding="UTF-8"?>
<project-private xmlns="http://www.netbeans.org/ns/project-private/1">
    <editor-bookmarks xmlns="http://www.netbeans.org/ns/editor-bookmarks/2" lastBookmarkId="0"/>
    <open-files xmlns="http://www.netbeans.org/ns/projectui-open-files/2">
        <group>
            <file>file:/C:/xampp/htdocs/DWES_4_5_Pennino_Matias/index.php</file>
            <file>file:/C:/xampp/htdocs/DWES_4_5_Pennino_Matias/inicio_proceso.php</file>
            <file>file:/C:/xampp/htdocs/DWES_4_5_Pennino_Matias/cerrar_sesion.php</file>
            <file>file:/C:/xampp/htdocs/DWES_4_5_Pennino_Matias/funciones.php</file>
            <file>file:/C:/xampp/htdocs/DWES_4_5_Pennino_Matias/usuario.php</file>
        </group>
    </open-files>
</project-private>
