<?xml version="1.0" encoding="UTF-8"?>
<project-private xmlns="http://www.netbeans.org/ns/project-private/1">
    <editor-bookmarks xmlns="http://www.netbeans.org/ns/editor-bookmarks/2" lastBookmarkId="0"/>
    <open-files xmlns="http://www.netbeans.org/ns/projectui-open-files/2">
        <group>
            <file>file:/C:/xampp/htdocs/DWES_3_7_Pennino_Matias/DWES_3_7_Pennino_Matias/index_pdo.php</file>
            <file>file:/C:/xampp/htdocs/DWES_3_7_Pennino_Matias/DWES_3_7_Pennino_Matias/validaciones.php</file>
            <file>file:/C:/xampp/htdocs/DWES_3_7_Pennino_Matias/DWES_3_7_Pennino_Matias/index_mysqli.php</file>
        </group>
    </open-files>
</project-private>
